{
    "fold": 5,
    "mse": 3.8145528301588785,
    "rmse": 1.9530880241706667,
    "mae": 1.6157608552412552,
    "r2": -0.23107867589238906,
    "best_epoch": 4996,
    "best_val_loss": 0.7574938264564487
}