{
    "fold": 2,
    "mse": 3.5719474998389558,
    "rmse": 1.8899596556114513,
    "mae": 1.6775084137916565,
    "r2": -0.026297894742982608,
    "best_epoch": 4380,
    "best_val_loss": 0.7222194671630859
}