{
    "fold": 1,
    "mse": 2.8722172289748835,
    "rmse": 1.6947617027107036,
    "mae": 1.4328991344996862,
    "r2": -0.13844655629073555,
    "best_epoch": 4997,
    "best_val_loss": 0.5807059112438656
}