{
    "fold": 3,
    "mse": 2.4558596091552607,
    "rmse": 1.5671182498954126,
    "mae": 1.394716722315008,
    "r2": -5.751115877972168e-05,
    "best_epoch": 3251,
    "best_val_loss": 0.4876348903463205
}