{
    "mse": 44.4252469346889,
    "rmse": 6.665226697921752,
    "mae": 6.665226697921753,
    "r2": 0.0
}