{
    "mse": 0.003744523587556614,
    "rmse": 0.06119251251220703,
    "mae": 0.06119251251220703,
    "r2": 0.0
}