{
    "fold": 2,
    "mse": 2.6036757087976765,
    "rmse": 1.6135909360174518,
    "mae": 1.3120116493918679,
    "r2": -0.024760296249429103,
    "best_epoch": 4278,
    "best_val_loss": 0.5246346162789034
}