{
    "mse": 78.504084241921,
    "rmse": 8.860253057442604,
    "mae": 8.860253057442605,
    "r2": 0.0
}