{
    "fold": 4,
    "mse": 2.0587546895851068,
    "rmse": 1.4348361194175128,
    "mae": 1.2260722230981898,
    "r2": -0.0006201575417354999,
    "best_epoch": 3769,
    "best_val_loss": 0.4072848676325201
}