{
    "fold": 1,
    "mse": 2.5239349317795035,
    "rmse": 1.5886896902099867,
    "mae": 1.3952088356018066,
    "r2": -0.00039962242403035475,
    "best_epoch": 3777,
    "best_val_loss": 0.5103134540874605
}