{
    "nn": {
        "train": {
            "mse": 0.5285762548446655,
            "rmse": 0.7270324991667605,
            "mae": 0.6278876662254333,
            "r2": 0.8646562695503235
        },
        "val": {
            "mse": 1.8626705408096313,
            "rmse": 1.3647968862836812,
            "mae": 1.0882786512374878,
            "r2": -0.041234493255615234
        },
        "test": {
            "mse": 5.377190113067627,
            "rmse": 2.318876907700714,
            "mae": 2.292987108230591,
            "r2": -5912283054080.0
        }
    },
    "rf": {
        "train": {
            "mse": 5.523294655564574e-07,
            "rmse": 0.0007431887146320626,
            "mae": 4.110312952558115e-05,
            "r2": 0.9999998585741637
        },
        "val": {
            "mse": 5.446827764930426,
            "rmse": 2.33384398898693,
            "mae": 1.9125675539560105,
            "r2": -2.0447816536232977
        },
        "test": {
            "mse": 10.563386486969971,
            "rmse": 3.2501363797493132,
            "mae": 3.2501361410133116,
            "r2": 0.0
        }
    },
    "xgb": {
        "train": {
            "mse": 0.00034440302988514304,
            "rmse": 0.018558098768061967,
            "mae": 0.011334672570228577,
            "r2": 0.9999117851257324
        },
        "val": {
            "mse": 6.714613914489746,
            "rmse": 2.591257207320367,
            "mae": 2.470303535461426,
            "r2": -2.7534751892089844
        },
        "test": {
            "mse": 10.589402198791504,
            "rmse": 3.2541361678318723,
            "mae": 3.2538604736328125,
            "r2": -11643170848768.0
        }
    }
}