{
    "model_architecture": {
        "input_dim": 39,
        "hidden_dims": [
            256,
            128,
            64,
            32
        ],
        "dropout_rates": [
            0.0,
            0.0,
            0.0,
            0.0
        ]
    },
    "training_history": {
        "train_loss": [
            97.78484393704322,
            96.76345628307712,
            96.1201415523406,
            95.62798826156124,
            95.24011156635899,
            94.84203929285849,
            94.49017604704827,
            94.18584466749623,
            93.83901731429562,
            93.27108641593686,
            92.87711801836568,
            92.58661946942729,
            92.06900688909715,
            91.49404882615612,
            90.97983600247291,
            90.45739056987148,
            89.88979930262411,
            89.2477323470577,
            88.66085864651588,
            87.97835614604335,
            87.30384285219255,
            86.76668031754032,
            85.86306418142011,
            85.18680523287865,
            84.49373577487084,
            83.67773708220452,
            82.80580606768208,
            82.11621905911353,
            81.36463017617503,
            80.45695913991621,
            79.5111330093876,
            78.81972060665008,
            77.91024681829637,
            76.90363262545678,
            76.01668893137285,
            75.2262920256584,
            74.08978714481476,
            73.15838278493574,
            72.26641476538873,
            71.24725686350176,
            70.3245111280872,
            69.33051201605028,
            68.2457770070722,
            67.3403578727476,
            66.25377212032195,
            65.33054807109218,
            64.36317480764082,
            63.17242800804876,
            62.279900704660726,
            61.2326906265751,
            60.172352575486705,
            59.166592751779866,
            58.072737663022934,
            57.07648874098255,
            56.06161252913937,
            54.98541161321825,
            53.89277858118857,
            52.97435883552797,
            51.959185323407574,
            51.0474972878733,
            49.93811908844979,
            48.900751421528476,
            47.83299882950321,
            46.83080587079448,
            45.842128138388354,
            44.77501493884671,
            43.77340242939611,
            42.9173208667386,
            41.94962901453818,
            40.9401597053774,
            39.95700442406439,
            38.90433526808216,
            37.97443759056829,
            37.070005601452245,
            36.092669702345326,
            35.13549700090962,
            34.30606140628938,
            33.31837438767956,
            32.46475084366337,
            31.687516181699692,
            30.78307847053774,
            29.91274113808909,
            29.020332397953158,
            28.192311625326834,
            27.337553639565744,
            26.505476982362808,
            25.737393779139364,
            25.042896147697203,
            24.138081642889208,
            23.269201094104396,
            22.6042967765562,
            21.84024933845766,
            21.175980414113692,
            20.499777578538463,
            19.662486168646044,
            19.080918958110193,
            18.33766568091608,
            17.693790497318393,
            17.0627988384616,
            16.43194838493101,
            15.749222386267878,
            15.194022055595152,
            14.574592928732596,
            13.940421042903777,
            13.481384185052686,
            12.918694526918474,
            12.382667295394405,
            11.841147453554216,
            11.277600226863738,
            10.81050023724956,
            10.267591384149366,
            9.863043508222026,
            9.415274558528777,
            8.998163777012978,
            8.588073238249748,
            8.127564707110006,
            7.707120664658085,
            7.376648564492503,
            7.0277828862590175,
            6.734768052254954,
            6.283502547971664,
            5.965307128044866,
            5.6425071685544905,
            5.334316668971892,
            5.040168869879938,
            4.75210791249429,
            4.500077078419347,
            4.216780147244854,
            3.944409170458394,
            3.7352257774722193,
            3.519340261336296,
            3.3119226809470885,
            3.105435094525737,
            2.8952491591053624,
            2.7023596379064743,
            2.5345172382170156,
            2.345373768960276,
            2.205435683650355,
            2.0451874694516583,
            1.9070411036091466,
            1.7657426480324037,
            1.6415043184834142,
            1.540682473490315,
            1.4367238360066568,
            1.3104144142520042,
            1.2061470247084094,
            1.1235377019451511,
            1.0311081851682355,
            0.9774111836187301,
            0.8932448471746137,
            0.8104459451090905
        ],