{
    "fold": 3,
    "mse": 2.616954617076172,
    "rmse": 1.6177004101737047,
    "mae": 1.3998462243513627,
    "r2": -0.0656574632411,
    "best_epoch": 4996,
    "best_val_loss": 0.519658830622043
}