{
    "fold": 5,
    "mse": 3.1808576110220037,
    "rmse": 1.7834958959924756,
    "mae": 1.5698550311001864,
    "r2": -0.026564882001148815,
    "best_epoch": 4464,
    "best_val_loss": 0.6316465462157873
}