{
    "fold": 5,
    "mse": 2.0556376991974172,
    "rmse": 1.4337495245674599,
    "mae": 1.1483849861003734,
    "r2": -8.868053948951626e-05,
    "best_epoch": 3207,
    "best_val_loss": 0.40663175268487617
}