{
    "fold": 3,
    "mse": 2.730136125045262,
    "rmse": 1.6523123569849807,
    "mae": 1.4257481401616876,
    "r2": -8.785003768196908e-05,
    "best_epoch": 3557,
    "best_val_loss": 0.5501064931080019
}