{
    "nn": {
        "train": {
            "mse": 115.75591278076172,
            "rmse": 10.758992182391514,
            "mae": 10.69000244140625,
            "r2": -29.479354858398438
        },
        "val": {
            "mse": 111.958251953125,
            "rmse": 10.581032650602918,
            "mae": 10.42116641998291,
            "r2": -61.58476638793945
        }
    },
    "rf": {
        "train": {
            "mse": 0.011001640608452266,
            "rmse": 0.10488870581932197,
            "mae": 0.060000979242874966,
            "r2": 0.997103189781736
        },
        "val": {
            "mse": 7.22234981633992,
            "rmse": 2.6874429884817874,
            "mae": 2.3112032985982522,
            "r2": -3.0373000883978323
        }
    },
    "xgb": {
        "train": {
            "mse": 5.095791129861027e-05,
            "rmse": 0.007138481021800805,
            "mae": 0.0022333068773150444,
            "r2": 0.9999865889549255
        },
        "val": {
            "mse": 6.659302234649658,
            "rmse": 2.5805623872810473,
            "mae": 2.1839191913604736,
            "r2": -2.7225561141967773
        }
    }
}