{
    "model_architecture": {
        "input_dim": 423,
        "hidden_dims": [
            256,
            128,
            64,
            32
        ],
        "dropout_rates": [
            0.0,
            0.0,
            0.0,
            0.0
        ]
    },
    "training_history": {
        "train_loss": [
            91.6662368774414,
            91.34339904785156,
            91.06954193115234,
            90.91146850585938,
            90.69925689697266,
            90.5312728881836,
            90.37525177001953,
            90.22175598144531,
            90.07184600830078,
            89.92652893066406,
            89.78485870361328,
            89.65620422363281,
            89.5383529663086,
            89.42829895019531,
            89.32621765136719,
            89.22789764404297,
            89.13546752929688,
            89.04623413085938,
            88.9606704711914,
            88.88091278076172,
            88.80577850341797,
            88.73358154296875,
            88.66423797607422,
            88.598388671875,
            88.53327178955078,
            88.47233581542969,
            88.41322326660156,
            88.35686492919922,
            88.30392456054688,
            88.25108337402344,
            88.20174407958984,
            88.15470123291016,
            88.10723876953125,
            88.06072998046875,
            88.01830291748047,
            87.97663116455078,
            87.93749237060547,
            87.8980712890625,
            87.8597640991211,
            87.82395935058594,
            87.78926849365234,
            87.75567626953125,
            87.72392272949219,
            87.69406127929688,
            87.66468048095703,
            87.63603210449219,
            87.60733795166016,
            87.58059692382812,
            87.55335998535156,
            87.52778625488281,
            87.50152587890625,
            87.47757720947266,
            87.45276641845703,
            87.42951202392578,
            87.40684509277344,
            87.3860855102539,
            87.36405181884766,
            87.34207153320312,
            87.40142059326172,
            87.34223937988281,
            87.30648803710938,
            87.2787094116211,
            87.2542953491211,
            87.23163604736328,
            87.21099090576172,
            87.19075775146484,
            87.17170715332031,
            87.15274810791016,
            87.13501739501953,
            87.1178207397461,
            87.10144805908203,
            87.08485412597656,
            87.06897735595703,
            87.053466796875,
            87.03812408447266,
            87.02334594726562,
            87.00870513916016,
            86.99425506591797,
            86.98030853271484,
            86.96623229980469,
            86.95263671875,
            86.9388427734375,
            86.92549896240234,
            86.91226959228516,
            86.89923858642578,
            86.88658142089844,
            86.87378692626953,
            86.86113739013672,
            86.84878540039062,
            86.83638000488281,
            86.82447052001953,
            86.81240844726562,
            86.80055236816406,
            86.78897094726562,
            86.77727508544922,
            86.76541137695312,
            86.75393676757812,
            86.74260711669922,
            86.73097229003906,
            86.71965789794922,
            86.70841979980469,
            86.69740295410156,
            86.6861801147461,
            86.67508697509766,
            86.66405487060547,
            86.65318298339844,
            86.64231872558594,
            86.63158416748047,
            86.62101745605469,
            86.61055755615234,
            86.60008239746094,
            86.58985900878906,
            86.57946014404297,
            86.56895446777344,
            86.55877685546875,
            86.5489273071289,
            86.53849029541016,
            86.52827453613281,
            86.51818084716797,
            86.508056640625,
            86.49812316894531,
            86.48857116699219,
            86.47864532470703,
            86.46878051757812,
            86.4590072631836,
            86.44940185546875,
            86.43975067138672,
            86.43017578125,
            86.4205322265625,
            86.410888671875,
            86.40139770507812,
            86.39210510253906,
            86.38256072998047,
            86.37307739257812,
            86.36370086669922,
            86.3543472290039,
            86.34506225585938,
            86.33592987060547,
            86.32662963867188,
            86.31734466552734,
            86.30814361572266,
            86.29898071289062,
            86.28974914550781,
            86.28063201904297,
            86.27133178710938,
            86.26203918457031,
            86.2527847290039,
            86.24358367919922,
            86.23446655273438,
            86.22539520263672,
            86.21626281738281,
            86.2071533203125,
            86.19805908203125,
            86.18896484375,
            86.17993927001953,
            86.17089080810547,
            86.16188049316406,
            86.15290069580078,
            86.14389038085938,
            86.13481903076172,
            86.12582397460938,
            86.11678314208984,
            86.10777282714844,
            86.09861755371094,
            86.08960723876953,
            86.08052825927734,
            86.07149505615234,
            86.0623779296875,
            86.05335235595703
        ],