{
    "fold": 1,
    "mse": 2.2589064839163213,
    "rmse": 1.5029658957928225,
    "mae": 1.2639660661870784,
    "r2": -0.003251360500617695,
    "best_epoch": 3875,
    "best_val_loss": 0.455187860426012
}