{
    "rf": {
        "train": {
            "mse": 6.672815704179592e-07,
            "rmse": 0.000816873044247366,
            "mae": 0.00022106423918484905,
            "r2": 0.9999998291402867
        },
        "val": {
            "mse": 5.446576131298855,
            "rmse": 2.3337900786700705,
            "mae": 1.9125026154183182,
            "r2": -2.0446409901953517
        },
        "test": {
            "mse": 10.562509588140781,
            "rmse": 3.250001475098247,
            "mae": 3.2500014746021644,
            "r2": 0.0
        }
    },
    "xgb": {
        "train": {
            "mse": 0.010337316431105137,
            "rmse": 0.10167259429711202,
            "mae": 0.09030906856060028,
            "r2": 0.9973530769348145
        },
        "val": {
            "mse": 6.355985164642334,
            "rmse": 2.521107924037036,
            "mae": 2.387180805206299,
            "r2": -2.5530014038085938
        },
        "test": {
            "mse": 10.233294486999512,
            "rmse": 3.198952092013807,
            "mae": 3.1988768577575684,
            "r2": -11251626278912.0
        }
    },
    "nn": {
        "train": {
            "mse": 0.5287148356437683,
            "rmse": 0.7271277987010043,
            "mae": 0.6595169901847839,
            "r2": 0.8646208047866821
        },
        "val": {
            "mse": 2.3233046531677246,
            "rmse": 1.5242390406913624,
            "mae": 1.3292171955108643,
            "r2": -0.2987293004989624
        },
        "test": {
            "mse": 6.251838207244873,
            "rmse": 2.500367614420902,
            "mae": 2.4751789569854736,
            "r2": -6873968803840.0
        }
    }
}