{
    "model_architecture": {
        "input_dim": 39,
        "hidden_dims": [
            256,
            128,
            64,
            32
        ],
        "dropout_rates": [
            0.0,
            0.0,
            0.0,
            0.0
        ]
    },
    "training_history": {
        "train_loss": [
            95.25018212103075,
            94.14962374779486,
            93.60628706409085,
            93.15266713788432,
            92.78187511813256,
            92.37346575337071,
            92.05507979854461,
            91.50191399358934,
            91.11772943312123,
            90.5618642991589,
            90.19828058058216,
            89.68902169504473,
            89.21538617534023,
            88.78536199754284,
            88.26368024272304,
            87.6814936976279,
            87.0905530375819,
            86.45303492392263,
            85.74490676387664,
            85.27678015924269,
            84.58263618715348,
            83.63594399729082,
            83.09843912432271,
            82.41917591710245,
            81.64382983792213,
            80.71528576266381,
            80.06754745975617,
            79.15724698958859,
            78.47769361926663,
            77.6074688819147,
            76.72573015766758,
            75.84100661739227,
            74.99166451731035,
            74.00084267893145,
            73.185060562626,
            72.18802618211315,
            71.30414532076928,
            70.30614815988848,
            69.49993847262475,
            68.3658437421245,
            67.47853383710307,
            66.36092290570659,
            65.48437192363124,
            64.54622391731509,
            63.561986246416645,
            62.54136522354618,
            61.53823397236486,
            60.490268092001635,
            59.4341068883096,
            58.49855226086032,
            57.36822940457252,
            56.4537097561744,
            55.487947156352384,
            54.40395293697234,
            53.39242664460213,
            52.37952693816154,
            51.3451902327999,
            50.410657575053555,
            49.51036699356571,
            48.30842061196604,
            47.25231613651399,
            46.40084912700038,
            45.37849364742156,
            44.351122210102695,
            43.3486198917512,
            42.60972275272493,
            41.39948777229555,
            40.42290250716671,
            39.58135961717175,
            38.564968478295114,
            37.6677487281061,
            36.77275319253245,
            35.75583082629788,
            34.96295116793725,
            33.99442389703566,
            33.0046692509805,
            32.218341765865205,
            31.26605753744802,
            30.351547118156187,
            29.56496718622023,
            28.729255491687404,
            27.919772117368638,
            27.11704094179215,
            26.292846987324378,
            25.536296536845544,
            24.62947100977744,
            23.971922043831118,
            23.16289710998535,
            22.406390159360825,
            21.709462012014082,
            20.983368350613503,
            20.27192755668394,
            19.56062710669733,
            18.916239092426917,
            18.15386421449723,
            17.506462035640592,
            16.901514545563728,
            16.254817962646484,
            15.675471213556104,
            15.06212809778029,
            14.435420866935484,
            13.85113796111076,
            13.342645122158912,
            12.755356819398942,
            12.212419509887695,
            11.728629942863218,
            11.227099264821698,
            10.728249457574659,
            10.246552436582503,
            9.772496161922332,
            9.33138475110454,
            8.843876577192738,
            8.49966533722416,
            8.08784023407967,
            7.647038013704361,
            7.300081914471042,
            6.929046323222499,
            6.561817676790299,
            6.241925008835331,
            5.904516758457307,
            5.574187140310964,
            5.268643240774831,
            4.979441058251165,
            4.70383688711351,
            4.423264303515034,
            4.1673695656561085,
            3.915527659077798,
            3.6625285225529827,
            3.477114615901824,
            3.24068877004808,
            3.0276611928016908,
            2.818014129515617,
            2.6683777609179096,
            2.472089905892649,
            2.289783477783203,
            2.142315856872066,
            2.0251826393988823,
            1.8617068067673714,
            1.7363686100129159,
            1.6292892540654829,
            1.4956970868572113,
            1.3864674068266345,
            1.2807491556290658,
            1.1876820133578392,
            1.0902466370213417,
            1.0229279264327018,
            0.9281077058084549,
            0.8502055079706253,
            0.7901479390359694,
            0.7170427941506908,
            0.6773782084065099,
            0.629557111570912,
            0.5756371694226419,
            0.5090744639596632,
            0.44996363693667996
        ],