{
    "mse": 1.3789941279337654,
    "rmse": 1.1743058068211045,
    "mae": 1.0088837033226377,
    "r2": 0.0
}