{
    "fold": 4,
    "mse": 2.664379949865716,
    "rmse": 1.632292850522147,
    "mae": 1.358382866599343,
    "r2": -0.03673572768899458,
    "best_epoch": 4994,
    "best_val_loss": 0.5291030467202087
}