{
    "mse": 0.0012827313412344665,
    "rmse": 0.03581523895263672,
    "mae": 0.03581523895263672,
    "r2": 0.0
}