{
    "mse": 43.6408575523938,
    "rmse": 6.606122732162475,
    "mae": 6.606122732162476,
    "r2": 0.0
}