{
    "nn": {
        "train": {
            "mse": 1.9077186584472656,
            "rmse": 1.3812018890977762,
            "mae": 1.2147313356399536,
            "r2": 0.5115221738815308
        },
        "val": {
            "mse": 3.9934568405151367,
            "rmse": 1.998363540628966,
            "mae": 1.666242241859436,
            "r2": -1.2323458194732666
        },
        "test": {
            "mse": 9.755791664123535,
            "rmse": 3.1234262699995874,
            "mae": 3.0955047607421875,
            "r2": -10726606372864.0
        }
    },
    "rf": {
        "train": {
            "mse": 1.0174874338133107e-06,
            "rmse": 0.0010087058212448815,
            "mae": 0.00018983234280616553,
            "r2": 0.9999997394688854
        },
        "val": {
            "mse": 5.448182726976275,
            "rmse": 2.334134256416343,
            "mae": 1.9129084533169725,
            "r2": -2.0455390786340746
        },
        "test": {
            "mse": 10.565451291801493,
            "rmse": 3.2504540131805424,
            "mae": 3.250453763457112,
            "r2": 0.0
        }
    },
    "xgb": {
        "train": {
            "mse": 1.9572906239773147e-05,
            "rmse": 0.004424127737732393,
            "mae": 0.0023785156663507223,
            "r2": 0.9999949932098389
        },
        "val": {
            "mse": 6.729043483734131,
            "rmse": 2.5940399927013713,
            "mae": 2.47538161277771,
            "r2": -2.7615413665771484
        },
        "test": {
            "mse": 10.568460464477539,
            "rmse": 3.2509168652054976,
            "mae": 3.2509140968322754,
            "r2": -11620145168384.0
        }
    }
}