{
    "model_architecture": {
        "input_dim": 39,
        "hidden_dims": [
            256,
            128,
            64,
            32
        ],
        "dropout_rates": [
            0.0,
            0.0,
            0.0,
            0.0
        ]
    },
    "training_history": {
        "train_loss": [
            95.55488168039629,
            94.16413780950731,
            93.76518126456968,
            93.18219880134829,
            92.71036775650516,
            92.53943904753655,
            92.04306005662487,
            91.55351011214718,
            91.11954818233367,
            90.73008875693044,
            90.22956159037929,
            89.73189298568234,
            89.17941604122039,
            88.84887399981099,
            88.30751357540008,
            87.50464556294102,
            86.91855793614542,
            86.51670222128591,
            85.68946296938005,
            85.13410039101878,
            84.21022230579007,
            83.81783639231035,
            82.896239249937,
            82.31541418260143,
            81.42861126315209,
            80.6511722687752,
            79.96064955188382,
            78.9956539523217,
            78.22003346104776,
            77.19181183845767,
            76.55082062752017,
            75.72915378693611,
            74.66439524004537,
            73.8626201998803,
            72.84730800505608,
            71.98075349869266,
            71.04723825762349,
            70.15130442957724,
            69.21142233571699,
            68.19747949415638,
            67.18423277331937,
            66.30908523067352,
            65.32114422705865,
            64.24170906313005,
            63.28267595844884,
            62.28382036762853,
            61.380130767822266,
            60.4093862964261,
            59.391514439736646,
            58.19638123050813,
            57.27973901071856,
            56.1877202680034,
            55.295397604665446,
            54.21576530702652,
            53.26709993423954,
            52.15913526473507,
            51.23145466466104,
            50.145507689445246,
            49.1916011687248,
            48.14749022453062,
            47.26565773256363,
            46.15884657829039,
            45.133248113816784,
            44.13184381300403,
            43.20848255772744,
            42.21221973050025,
            41.28296858264554,
            40.283135321832475,
            39.38030981248425,
            38.39930946596207,
            37.37923886699061,
            36.50584054762317,
            35.63578919441469,
            34.5373229365195,
            33.7708369839576,
            32.81765137949297,
            31.95107287745322,
            31.1461917508033,
            30.29875736851846,
            29.362325606807584,
            28.591088448801347,
            27.706411976968088,
            26.903788166661418,
            26.072378958425215,
            25.225432549753496,
            24.505926932058028,
            23.753132543256207,
            22.95366613326534,
            22.304950714111328,
            21.476253447994107,
            20.74013949978736,
            20.10382572297127,
            19.364302296792307,
            18.676170287593717,
            17.98234035122779,
            17.349309675155148,
            16.7403629056869,
            16.08583136527769,
            15.49652797945084,
            14.861371594090615,
            14.320177262829196,
            13.730167358152327,
            13.130150579637096,
            12.636538074862573,
            12.091473241006174,
            11.610661968108147,
            11.085833918663763,
            10.594724562860304,
            10.104760508383475,
            9.652595243146342,
            9.2403656436551,
            8.79633189785865,
            8.386151098435924,
            7.928802059542749,
            7.5708717376955095,
            7.23446661426175,
            6.834166234539401,
            6.531427045022288,
            6.154032184231665,
            5.826123329900926,
            5.500060619846467,
            5.201623578225413,
            4.935075221523162,
            4.659521195196336,
            4.397199807628509,
            4.136092239810575,
            3.8964257778659945,
            3.6309932354957826,
            3.456963469905238,
            3.211587998174852,
            3.020669037295926,
            2.829586944272441,
            2.6232951725682905,
            2.4774533933208835,
            2.3012207246595815,
            2.152649414154791,
            1.998390390026954,
            1.8607732672845163,
            1.7428789369521602,
            1.6043409262934039,
            1.499575395737925,
            1.392609726998114,
            1.299732550497978,
            1.1975840195532768,
            1.121799394007652,
            1.0354093697763258,
            0.9508747477685252,
            0.8741374823354906,
            0.8104389425246946,
            0.7639581522633953
        ],