{
    "fold": 2,
    "mse": 4.253723393431386,
    "rmse": 2.0624556706584958,
    "mae": 1.7362121088164193,
    "r2": -0.2221868780810563,
    "best_epoch": 4996,
    "best_val_loss": 0.860058243954655
}