{
    "fold": 4,
    "mse": 2.570969796297496,
    "rmse": 1.6034243968137367,
    "mae": 1.4384812268343838,
    "r2": -0.0003889433131516462,
    "best_epoch": 3116,
    "best_val_loss": 0.5103244893387336
}